stadium_code,lane_number,_is1,_is3,_has
01,1,886.0,1366.0,1733.0
01,2,219.0,956.0,1735.0
01,3,227.0,956.0,1732.0
01,4,218.0,823.0,1729.0
01,5,156.0,748.0,1725.0
01,6,43.0,399.0,1715.0
02,1,607.0,1065.0,1483.0
02,2,261.0,864.0,1478.0
02,3,257.0,808.0,1480.0
02,4,217.0,752.0,1480.0
02,5,123.0,636.0,1474.0
02,6,34.0,371.0,1461.0
03,1,644.0,1079.0,1342.0
03,2,236.0,805.0,1357.0
03,3,199.0,720.0,1339.0
03,4,171.0,625.0,1354.0
03,5,89.0,537.0,1346.0
03,6,33.0,350.0,1331.0
04,1,763.0,1295.0,1702.0
04,2,281.0,1034.0,1708.0
04,3,300.0,947.0,1709.0
04,4,210.0,805.0,1712.0
04,5,138.0,665.0,1712.0
04,6,42.0,457.0,1692.0
05,1,891.0,1281.0,1602.0
05,2,219.0,937.0,1605.0
05,3,205.0,900.0,1602.0
05,4,168.0,742.0,1598.0
05,5,91.0,601.0,1595.0
05,6,41.0,384.0,1578.0
06,1,987.0,1445.0,1798.0
06,2,233.0,1025.0,1793.0
06,3,251.0,1037.0,1789.0
06,4,195.0,795.0,1800.0
06,5,115.0,732.0,1807.0
06,6,39.0,426.0,1777.0
07,1,1015.0,1473.0,1796.0
07,2,218.0,1020.0,1789.0
07,3,213.0,1011.0,1786.0
07,4,215.0,881.0,1791.0
07,5,106.0,687.0,1778.0
07,6,43.0,358.0,1760.0
08,1,1037.0,1460.0,1765.0
08,2,250.0,1017.0,1766.0
08,3,174.0,958.0,1771.0
08,4,186.0,837.0,1769.0
08,5,98.0,679.0,1769.0
08,6,37.0,395.0,1755.0
09,1,867.0,1261.0,1517.0
09,2,227.0,905.0,1516.0
09,3,172.0,833.0,1518.0
09,4,150.0,709.0,1509.0
09,5,91.0,560.0,1519.0
09,6,26.0,333.0,1504.0
10,1,846.0,1285.0,1609.0
10,2,248.0,958.0,1617.0
10,3,230.0,887.0,1620.0
10,4,172.0,816.0,1613.0
10,5,105.0,606.0,1607.0
10,6,32.0,349.0,1599.0
11,1,906.0,1349.0,1648.0
11,2,223.0,981.0,1655.0
11,3,237.0,937.0,1638.0
11,4,162.0,752.0,1654.0
11,5,107.0,609.0,1644.0
11,6,30.0,366.0,1625.0
12,1,900.0,1313.0,1569.0
12,2,212.0,925.0,1571.0
12,3,194.0,896.0,1565.0
12,4,171.0,744.0,1571.0
12,5,80.0,549.0,1560.0
12,6,26.0,322.0,1549.0
13,1,1175.0,1651.0,1945.0
13,2,243.0,1077.0,1931.0
13,3,213.0,1034.0,1929.0
13,4,196.0,957.0,1933.0
13,5,100.0,738.0,1930.0
13,6,31.0,417.0,1910.0
14,1,723.0,1103.0,1429.0
14,2,211.0,850.0,1433.0
14,3,229.0,789.0,1433.0
14,4,152.0,704.0,1433.0
14,5,105.0,557.0,1427.0
14,6,29.0,346.0,1416.0
15,1,898.0,1316.0,1586.0
15,2,219.0,930.0,1592.0
15,3,203.0,829.0,1590.0
15,4,141.0,784.0,1594.0
15,5,110.0,570.0,1588.0
15,6,35.0,389.0,1572.0
16,1,1068.0,1583.0,1926.0
16,2,232.0,1071.0,1918.0
16,3,271.0,1016.0,1918.0
16,4,206.0,941.0,1928.0
16,5,126.0,771.0,1920.0
16,6,39.0,445.0,1902.0
17,1,986.0,1397.0,1704.0
17,2,200.0,972.0,1696.0
17,3,232.0,977.0,1700.0
17,4,177.0,798.0,1701.0
17,5,97.0,677.0,1692.0
17,6,29.0,343.0,1672.0
18,1,1153.0,1595.0,1847.0
18,2,231.0,1106.0,1848.0
18,3,217.0,992.0,1847.0
18,4,150.0,848.0,1841.0
18,5,87.0,666.0,1839.0
18,6,22.0,374.0,1823.0
19,1,1005.0,1415.0,1625.0
19,2,176.0,933.0,1628.0
19,3,188.0,894.0,1619.0
19,4,160.0,754.0,1626.0
19,5,85.0,600.0,1630.0
19,6,26.0,324.0,1603.0
20,1,1020.0,1476.0,1715.0
20,2,225.0,1004.0,1709.0
20,3,199.0,965.0,1718.0
20,4,170.0,801.0,1709.0
20,5,86.0,571.0,1710.0
20,6,29.0,371.0,1698.0
21,1,1009.0,1388.0,1634.0
21,2,159.0,907.0,1636.0
21,3,184.0,858.0,1625.0
21,4,160.0,781.0,1633.0
21,5,112.0,662.0,1631.0
21,6,29.0,364.0,1622.0
22,1,957.0,1349.0,1572.0
22,2,229.0,982.0,1564.0
22,3,227.0,894.0,1564.0
22,4,106.0,720.0,1561.0
22,5,47.0,567.0,1562.0
22,6,17.0,237.0,1550.0
23,1,988.0,1460.0,1713.0
23,2,234.0,1047.0,1716.0
23,3,213.0,957.0,1714.0
23,4,162.0,791.0,1708.0
23,5,107.0,648.0,1704.0
23,6,30.0,299.0,1692.0
24,1,1016.0,1442.0,1689.0
24,2,208.0,999.0,1681.0
24,3,179.0,949.0,1680.0
24,4,166.0,733.0,1679.0
24,5,104.0,607.0,1683.0
24,6,30.0,379.0,1668.0
