racer_id,_is1,_is3,_has
2538,10.0,39.0,151.0
2878,18.0,86.0,152.0
3024,17.0,38.0,63.0
3054,24.0,73.0,122.0
3070,16.0,46.0,75.0
3072,20.0,69.0,136.0
3075,16.0,56.0,139.0
3081,11.0,32.0,62.0
3105,22.0,69.0,140.0
3107,5.0,23.0,87.0
3156,7.0,51.0,135.0
3158,40.0,103.0,168.0
3159,21.0,50.0,84.0
3161,10.0,60.0,128.0
3175,8.0,71.0,144.0
3176,2.0,8.0,33.0
3202,15.0,63.0,149.0
3207,6.0,23.0,106.0
3211,8.0,42.0,135.0
3212,17.0,56.0,140.0
3224,9.0,45.0,147.0
3226,10.0,59.0,135.0
3232,30.0,77.0,130.0
3233,17.0,53.0,144.0
3246,4.0,9.0,37.0
3251,34.0,122.0,204.0
3256,51.0,132.0,195.0
3257,34.0,70.0,135.0
3265,29.0,69.0,146.0
3268,21.0,73.0,165.0
3277,14.0,52.0,148.0
3282,12.0,67.0,163.0
3284,22.0,74.0,145.0
3286,13.0,42.0,116.0
3289,6.0,25.0,82.0
3293,5.0,40.0,131.0
3294,3.0,46.0,109.0
3297,12.0,57.0,144.0
3300,40.0,108.0,181.0
3302,23.0,60.0,122.0
3303,17.0,73.0,171.0
3304,47.0,123.0,205.0
3305,14.0,39.0,135.0
3306,10.0,54.0,141.0
3313,16.0,56.0,151.0
3315,10.0,47.0,126.0
3319,26.0,107.0,183.0
3327,30.0,93.0,178.0
3333,46.0,115.0,186.0
3334,33.0,99.0,197.0
3339,15.0,61.0,140.0
3340,21.0,59.0,162.0
3346,1.0,2.0,9.0
3349,36.0,94.0,160.0
3350,25.0,78.0,155.0
3352,5.0,64.0,155.0
3353,2.0,21.0,96.0
3355,1.0,16.0,59.0
3357,11.0,50.0,148.0
3361,17.0,56.0,142.0
3362,16.0,71.0,144.0
3370,7.0,43.0,119.0
3372,5.0,17.0,89.0
3377,9.0,50.0,133.0
3381,19.0,65.0,147.0
3385,31.0,91.0,173.0
3388,36.0,76.0,127.0
3391,0.0,3.0,27.0
3392,14.0,62.0,148.0
3401,20.0,68.0,161.0
3406,20.0,88.0,170.0
3411,4.0,36.0,121.0
3412,47.0,139.0,203.0
3415,45.0,102.0,178.0
3419,1.0,5.0,53.0
3422,36.0,93.0,184.0
3430,16.0,56.0,158.0
3432,10.0,44.0,116.0
3434,17.0,70.0,163.0
3435,35.0,101.0,164.0
3436,26.0,89.0,147.0
3439,36.0,106.0,181.0
3441,18.0,69.0,156.0
3442,13.0,51.0,128.0
3444,5.0,18.0,72.0
3445,17.0,76.0,158.0
3448,7.0,32.0,91.0
3454,20.0,80.0,145.0
3455,22.0,79.0,173.0
3458,13.0,39.0,121.0
3459,5.0,36.0,133.0
3461,5.0,20.0,92.0
3463,17.0,78.0,164.0
3467,9.0,53.0,127.0
3470,19.0,60.0,130.0
3471,6.0,47.0,137.0
3473,35.0,96.0,188.0
3474,14.0,70.0,169.0
3475,27.0,61.0,131.0
3477,6.0,46.0,144.0
3478,21.0,78.0,162.0
3482,23.0,93.0,193.0
3484,45.0,101.0,173.0
3489,44.0,110.0,208.0
3497,19.0,51.0,133.0
3499,31.0,96.0,159.0
3502,28.0,106.0,170.0
3503,9.0,48.0,149.0
3505,24.0,83.0,161.0
3507,9.0,45.0,121.0
3508,28.0,80.0,152.0
3509,5.0,34.0,129.0
3514,48.0,104.0,195.0
3516,15.0,54.0,134.0
3517,29.0,92.0,163.0
3518,9.0,53.0,130.0
3519,9.0,47.0,133.0
3523,9.0,54.0,117.0
3527,20.0,81.0,160.0
3528,10.0,42.0,137.0
3532,19.0,45.0,82.0
3535,12.0,46.0,126.0
3538,4.0,26.0,74.0
3539,13.0,59.0,169.0
3541,36.0,110.0,184.0
3542,20.0,78.0,149.0
3543,14.0,51.0,99.0
3544,11.0,45.0,143.0
3546,13.0,67.0,147.0
3548,29.0,90.0,187.0
3550,42.0,101.0,194.0
3551,10.0,33.0,122.0
3554,46.0,134.0,215.0
3556,53.0,119.0,175.0
3557,44.0,144.0,222.0
3558,17.0,65.0,154.0
3562,38.0,117.0,193.0
3563,24.0,101.0,178.0
3564,22.0,67.0,169.0
3566,23.0,73.0,162.0
3567,8.0,27.0,102.0
3568,16.0,62.0,152.0
3569,5.0,50.0,144.0
3572,19.0,84.0,178.0
3574,32.0,101.0,179.0
3576,36.0,117.0,179.0
3577,18.0,57.0,138.0
3578,6.0,23.0,75.0
3579,11.0,52.0,107.0
3580,9.0,61.0,150.0
3581,18.0,81.0,167.0
3582,37.0,88.0,167.0
3583,5.0,34.0,124.0
3584,19.0,80.0,161.0
3587,12.0,54.0,133.0
3589,16.0,54.0,124.0
3590,48.0,119.0,191.0
3591,4.0,19.0,98.0
3596,10.0,35.0,117.0
3602,5.0,50.0,135.0
3604,14.0,57.0,139.0
3605,12.0,47.0,142.0
3606,21.0,92.0,166.0
3611,31.0,98.0,158.0
3612,52.0,134.0,209.0
3613,37.0,116.0,197.0
3614,9.0,65.0,177.0
3615,13.0,56.0,152.0
3616,9.0,52.0,122.0
3617,19.0,44.0,127.0
3618,43.0,114.0,192.0
3619,14.0,72.0,155.0
3620,11.0,40.0,129.0
3621,4.0,42.0,71.0
3623,47.0,98.0,167.0
3627,23.0,70.0,155.0
3629,27.0,79.0,130.0
3630,6.0,35.0,118.0
3631,2.0,9.0,67.0
3635,16.0,68.0,137.0
3637,9.0,43.0,132.0
3641,45.0,112.0,195.0
3642,11.0,38.0,120.0
3643,23.0,78.0,157.0
3645,10.0,29.0,59.0
3647,8.0,44.0,155.0
3652,12.0,34.0,121.0
3653,5.0,41.0,109.0
3654,51.0,119.0,178.0
3655,19.0,85.0,169.0
3656,10.0,53.0,119.0
3659,21.0,74.0,126.0
3660,7.0,33.0,123.0
3661,24.0,77.0,159.0
3662,28.0,75.0,147.0
3663,30.0,93.0,176.0
3664,16.0,63.0,131.0
3679,33.0,113.0,174.0
3680,12.0,60.0,167.0
3681,15.0,47.0,107.0
3684,21.0,75.0,136.0
3685,29.0,79.0,143.0
3686,34.0,96.0,163.0
3687,19.0,76.0,142.0
3690,16.0,72.0,159.0
3692,27.0,94.0,181.0
3696,19.0,69.0,150.0
3699,7.0,44.0,119.0
3701,7.0,43.0,134.0
3703,31.0,94.0,173.0
3704,3.0,24.0,90.0
3708,17.0,78.0,157.0
3710,14.0,62.0,154.0
3711,33.0,124.0,198.0
3712,19.0,66.0,144.0
3713,33.0,97.0,174.0
3714,15.0,67.0,150.0
3715,17.0,83.0,136.0
3716,37.0,105.0,170.0
3717,23.0,73.0,140.0
3718,24.0,63.0,145.0
3719,40.0,119.0,184.0
3721,48.0,96.0,181.0
3722,8.0,27.0,131.0
3726,11.0,39.0,96.0
3730,16.0,62.0,146.0
3731,12.0,63.0,137.0
3736,0.0,1.0,3.0
3737,46.0,119.0,166.0
3740,47.0,121.0,204.0
3741,8.0,35.0,130.0
3742,19.0,64.0,139.0
3743,37.0,97.0,186.0
3744,61.0,120.0,211.0
3745,18.0,82.0,155.0
3746,36.0,109.0,199.0
3747,26.0,87.0,152.0
3748,9.0,47.0,128.0
3752,13.0,54.0,147.0
3757,24.0,82.0,143.0
3761,26.0,69.0,147.0
3769,19.0,73.0,143.0
3771,23.0,77.0,161.0
3772,15.0,72.0,137.0
3773,12.0,48.0,137.0
3775,14.0,55.0,159.0
3776,2.0,32.0,140.0
3777,38.0,99.0,180.0
3778,1.0,19.0,83.0
3779,38.0,85.0,165.0
3783,43.0,113.0,201.0
3784,18.0,73.0,150.0
3787,5.0,27.0,100.0
3788,18.0,52.0,82.0
3790,18.0,65.0,156.0
3792,24.0,88.0,137.0
3793,13.0,61.0,125.0
3796,20.0,73.0,154.0
3797,6.0,53.0,178.0
3800,17.0,70.0,128.0
3801,14.0,42.0,104.0
3804,22.0,89.0,180.0
3805,16.0,75.0,158.0
3807,17.0,80.0,172.0
3808,13.0,47.0,126.0
3809,8.0,48.0,104.0
3811,54.0,120.0,200.0
3812,11.0,55.0,130.0
3813,44.0,118.0,180.0
3814,15.0,76.0,160.0
3820,1.0,16.0,66.0
3822,33.0,87.0,149.0
3825,16.0,37.0,114.0
3826,28.0,109.0,162.0
3827,10.0,54.0,156.0
3828,14.0,68.0,134.0
3831,17.0,65.0,155.0
3832,4.0,10.0,59.0
3833,51.0,126.0,197.0
3834,12.0,50.0,144.0
3837,41.0,109.0,170.0
3838,21.0,81.0,139.0
3839,6.0,43.0,138.0
3841,38.0,121.0,185.0
3842,24.0,65.0,129.0
3843,22.0,64.0,159.0
3845,22.0,67.0,122.0
3848,17.0,73.0,158.0
3849,21.0,49.0,96.0
3850,22.0,67.0,162.0
3851,0.0,2.0,31.0
3852,16.0,47.0,133.0
3853,38.0,97.0,167.0
3854,33.0,92.0,153.0
3857,19.0,81.0,157.0
3859,13.0,54.0,127.0
3860,7.0,46.0,138.0
3863,14.0,65.0,150.0
3866,10.0,59.0,137.0
3867,5.0,33.0,137.0
3868,18.0,67.0,155.0
3869,13.0,49.0,117.0
3870,17.0,57.0,161.0
3871,10.0,37.0,102.0
3872,26.0,83.0,151.0
3873,11.0,51.0,115.0
3874,49.0,111.0,168.0
3875,21.0,71.0,161.0
3876,40.0,80.0,124.0
3878,14.0,51.0,134.0
3880,11.0,53.0,138.0
3882,19.0,78.0,159.0
3885,23.0,74.0,148.0
3888,36.0,107.0,195.0
3889,11.0,47.0,129.0
3891,14.0,42.0,162.0
3892,19.0,68.0,148.0
3893,27.0,85.0,148.0
3895,7.0,26.0,67.0
3896,19.0,77.0,136.0
3897,45.0,122.0,188.0
3898,68.0,143.0,186.0
3900,34.0,98.0,158.0
3901,20.0,62.0,141.0
3904,16.0,68.0,133.0
3905,34.0,123.0,186.0
3906,15.0,62.0,148.0
3907,33.0,87.0,174.0
3908,45.0,107.0,178.0
3909,51.0,112.0,180.0
3910,16.0,50.0,146.0
3911,26.0,83.0,181.0
3912,47.0,94.0,172.0
3915,38.0,109.0,190.0
3918,48.0,135.0,194.0
3920,18.0,55.0,113.0
3921,3.0,7.0,18.0
3922,10.0,45.0,155.0
3928,16.0,46.0,150.0
3929,17.0,64.0,150.0
3930,28.0,76.0,151.0
3931,34.0,105.0,164.0
3932,22.0,61.0,128.0
3933,23.0,86.0,168.0
3934,18.0,88.0,188.0
3935,20.0,71.0,121.0
3939,15.0,39.0,78.0
3940,47.0,128.0,207.0
3941,58.0,128.0,187.0
3942,38.0,96.0,159.0
3943,2.0,14.0,54.0
3944,29.0,85.0,150.0
3945,10.0,50.0,124.0
3946,47.0,113.0,197.0
3947,19.0,61.0,153.0
3948,4.0,40.0,129.0
3949,2.0,37.0,127.0
3950,4.0,55.0,131.0
3951,25.0,72.0,156.0
3952,64.0,125.0,201.0
3953,6.0,28.0,85.0
3955,8.0,52.0,116.0
3956,37.0,90.0,157.0
3957,18.0,84.0,169.0
3959,49.0,121.0,182.0
3960,44.0,101.0,186.0
3961,52.0,140.0,209.0
3963,31.0,112.0,182.0
3964,12.0,59.0,148.0
3965,52.0,126.0,195.0
3966,54.0,131.0,199.0
3967,13.0,57.0,129.0
3968,20.0,79.0,146.0
3973,9.0,59.0,159.0
3974,14.0,62.0,148.0
3975,40.0,101.0,172.0
3976,14.0,44.0,145.0
3977,17.0,66.0,158.0
3978,29.0,90.0,161.0
3981,25.0,70.0,166.0
3982,11.0,48.0,143.0
3983,49.0,130.0,196.0
3984,48.0,123.0,214.0
3986,8.0,30.0,59.0
3987,36.0,102.0,166.0
3988,44.0,123.0,195.0
3989,16.0,48.0,137.0
3990,19.0,69.0,159.0
3992,23.0,61.0,117.0
3993,21.0,82.0,143.0
3994,12.0,70.0,148.0
3995,35.0,94.0,143.0
3997,46.0,133.0,208.0
3998,13.0,61.0,158.0
3999,41.0,113.0,189.0
4000,44.0,133.0,210.0
4002,47.0,121.0,184.0
4003,17.0,85.0,141.0
4004,24.0,72.0,147.0
4006,21.0,89.0,170.0
4007,18.0,63.0,132.0
4009,28.0,83.0,152.0
4010,12.0,47.0,128.0
4011,39.0,99.0,158.0
4012,49.0,103.0,165.0
4013,49.0,115.0,179.0
4014,35.0,83.0,163.0
4015,31.0,120.0,196.0
4016,23.0,79.0,154.0
4017,26.0,93.0,164.0
4019,44.0,122.0,180.0
4020,19.0,58.0,146.0
4022,13.0,56.0,139.0
4023,13.0,49.0,140.0
4024,31.0,90.0,163.0
4025,23.0,62.0,98.0
4027,30.0,68.0,129.0
4028,46.0,104.0,176.0
4030,29.0,105.0,192.0
4031,17.0,69.0,151.0
4033,42.0,110.0,177.0
4034,9.0,42.0,142.0
4035,15.0,63.0,169.0
4036,40.0,118.0,173.0
4039,22.0,98.0,179.0
4040,42.0,103.0,192.0
4041,9.0,50.0,133.0
4042,39.0,110.0,173.0
4043,29.0,101.0,171.0
4044,36.0,98.0,154.0
4045,19.0,57.0,151.0
4047,8.0,42.0,128.0
4049,44.0,118.0,198.0
4050,64.0,137.0,186.0
4051,27.0,87.0,122.0
4052,35.0,97.0,171.0
4053,30.0,101.0,161.0
4054,17.0,60.0,141.0
4055,45.0,126.0,210.0
4057,35.0,118.0,194.0
4058,38.0,115.0,201.0
4059,13.0,55.0,123.0
4060,13.0,60.0,136.0
4061,63.0,146.0,207.0
4062,14.0,42.0,106.0
4063,45.0,119.0,198.0
4064,49.0,125.0,194.0
4065,20.0,66.0,131.0
4066,34.0,113.0,182.0
4067,55.0,134.0,208.0
4068,14.0,78.0,164.0
4069,34.0,107.0,182.0
4071,11.0,37.0,111.0
4072,52.0,92.0,134.0
4073,46.0,118.0,184.0
4074,46.0,127.0,197.0
4075,44.0,106.0,180.0
4076,28.0,103.0,207.0
4077,42.0,97.0,175.0
4079,43.0,112.0,188.0
4080,7.0,18.0,25.0
4081,25.0,81.0,169.0
4082,32.0,95.0,161.0
4083,65.0,139.0,195.0
4084,49.0,136.0,211.0
4085,15.0,66.0,124.0
4086,44.0,110.0,186.0
4089,33.0,121.0,185.0
4090,24.0,65.0,117.0
4092,20.0,67.0,139.0
4093,11.0,55.0,132.0
4094,16.0,61.0,144.0
4095,61.0,133.0,188.0
4096,47.0,102.0,162.0
4097,4.0,36.0,128.0
4098,11.0,44.0,129.0
4099,33.0,95.0,171.0
4100,24.0,77.0,156.0
4102,66.0,144.0,219.0
4103,5.0,31.0,124.0
4104,15.0,61.0,133.0
4105,15.0,80.0,154.0
4106,7.0,43.0,125.0
4108,37.0,92.0,154.0
4109,39.0,106.0,180.0
4110,16.0,49.0,142.0
4111,29.0,94.0,171.0
4112,32.0,88.0,144.0
4113,20.0,68.0,162.0
4114,16.0,67.0,143.0
4116,12.0,58.0,123.0
4117,22.0,108.0,167.0
4118,34.0,118.0,195.0
4119,21.0,92.0,160.0
4120,38.0,118.0,196.0
4121,32.0,92.0,164.0
4122,33.0,106.0,193.0
4123,50.0,143.0,204.0
4124,40.0,100.0,166.0
4128,21.0,67.0,128.0
4129,8.0,45.0,135.0
4131,33.0,92.0,153.0
4133,36.0,106.0,163.0
4134,27.0,92.0,160.0
4136,24.0,76.0,121.0
4137,56.0,145.0,211.0
4138,18.0,73.0,152.0
4139,16.0,61.0,138.0
4140,29.0,81.0,126.0
4142,27.0,105.0,181.0
4143,8.0,55.0,137.0
4144,37.0,106.0,165.0
4145,4.0,42.0,138.0
4146,28.0,92.0,169.0
4148,35.0,103.0,176.0
4150,43.0,101.0,168.0
4151,20.0,81.0,145.0
4152,25.0,73.0,148.0
4154,19.0,74.0,145.0
4155,40.0,108.0,178.0
4156,31.0,90.0,171.0
4158,19.0,69.0,153.0
4159,41.0,124.0,201.0
4161,22.0,98.0,182.0
4162,6.0,20.0,38.0
4163,37.0,100.0,187.0
4164,6.0,54.0,143.0
4166,56.0,129.0,192.0
4167,7.0,47.0,130.0
4168,52.0,108.0,185.0
4169,6.0,39.0,126.0
4171,42.0,123.0,194.0
4172,35.0,125.0,201.0
4173,26.0,89.0,165.0
4174,43.0,117.0,195.0
4175,31.0,90.0,146.0
4176,3.0,19.0,76.0
4177,21.0,59.0,137.0
4179,29.0,91.0,165.0
4180,36.0,100.0,178.0
4181,7.0,47.0,141.0
4182,21.0,81.0,177.0
4183,30.0,55.0,129.0
4184,54.0,120.0,166.0
4186,11.0,46.0,145.0
4188,66.0,144.0,192.0
4189,41.0,105.0,189.0
4190,22.0,68.0,98.0
4191,40.0,105.0,160.0
4193,52.0,114.0,202.0
4195,16.0,57.0,117.0
4196,15.0,57.0,156.0
4197,15.0,46.0,146.0
4199,49.0,136.0,221.0
4200,9.0,60.0,146.0
4201,17.0,66.0,164.0
4202,11.0,58.0,133.0
4203,14.0,54.0,144.0
4204,21.0,64.0,142.0
4205,48.0,111.0,161.0
4207,39.0,94.0,153.0
4208,67.0,153.0,204.0
4209,31.0,92.0,156.0
4210,31.0,106.0,188.0
4211,16.0,67.0,159.0
4213,9.0,52.0,139.0
4214,28.0,75.0,148.0
4215,37.0,99.0,177.0
4216,18.0,81.0,166.0
4218,42.0,125.0,190.0
4219,6.0,40.0,140.0
4220,31.0,67.0,145.0
4224,20.0,81.0,165.0
4225,23.0,78.0,136.0
4226,17.0,66.0,159.0
4227,33.0,94.0,171.0
4228,36.0,108.0,169.0
4229,8.0,54.0,130.0
4230,36.0,84.0,127.0
4231,31.0,108.0,193.0
4232,28.0,84.0,149.0
4233,46.0,123.0,196.0
4234,15.0,57.0,121.0
4236,65.0,149.0,190.0
4237,49.0,124.0,182.0
4238,50.0,100.0,143.0
4239,44.0,108.0,164.0
4240,30.0,88.0,147.0
4241,31.0,111.0,183.0
4243,26.0,79.0,140.0
4244,5.0,22.0,72.0
4245,17.0,50.0,132.0
4246,8.0,58.0,147.0
4247,20.0,74.0,145.0
4248,8.0,56.0,147.0
4251,17.0,71.0,157.0
4252,21.0,67.0,152.0
4253,15.0,69.0,172.0
4254,19.0,62.0,110.0
4256,43.0,152.0,198.0
4257,20.0,63.0,137.0
4258,17.0,69.0,145.0
4259,42.0,120.0,211.0
4260,34.0,92.0,177.0
4261,38.0,116.0,198.0
4262,63.0,141.0,203.0
4263,21.0,66.0,142.0
4264,47.0,133.0,182.0
4266,49.0,105.0,177.0
4268,3.0,14.0,50.0
4269,51.0,120.0,184.0
4270,21.0,66.0,133.0
4271,15.0,60.0,143.0
4272,14.0,69.0,148.0
4273,20.0,82.0,160.0
4274,17.0,64.0,150.0
4275,3.0,29.0,102.0
4276,40.0,88.0,157.0
4277,26.0,63.0,139.0
4278,63.0,135.0,201.0
4281,21.0,72.0,145.0
4283,4.0,48.0,121.0
4286,34.0,118.0,205.0
4287,35.0,107.0,168.0
4288,68.0,143.0,187.0
4289,38.0,95.0,166.0
4290,41.0,122.0,183.0
4292,50.0,125.0,178.0
4293,21.0,77.0,158.0
4294,54.0,108.0,168.0
4295,65.0,152.0,199.0
4296,30.0,82.0,117.0
4297,49.0,114.0,191.0
4298,26.0,104.0,188.0
4299,9.0,61.0,130.0
4300,19.0,91.0,157.0
4301,10.0,48.0,116.0
4302,49.0,113.0,183.0
4303,14.0,63.0,126.0
4305,53.0,112.0,165.0
4306,14.0,66.0,147.0
4308,57.0,145.0,206.0
4311,47.0,112.0,174.0
4313,30.0,82.0,162.0
4314,34.0,94.0,166.0
4315,21.0,65.0,152.0
4317,25.0,59.0,150.0
4318,20.0,86.0,138.0
4319,29.0,105.0,192.0
4320,44.0,97.0,137.0
4323,31.0,92.0,156.0
4324,59.0,131.0,205.0
4325,7.0,57.0,123.0
4327,12.0,62.0,148.0
4329,12.0,69.0,143.0
4330,42.0,113.0,191.0
4331,37.0,103.0,178.0
4332,11.0,50.0,125.0
4335,47.0,122.0,172.0
4336,18.0,74.0,148.0
4337,50.0,138.0,205.0
4339,11.0,50.0,148.0
4340,2.0,18.0,52.0
4342,47.0,104.0,168.0
4343,14.0,60.0,146.0
4344,41.0,120.0,173.0
4345,30.0,90.0,170.0
4346,29.0,67.0,165.0
4347,33.0,95.0,152.0
4348,24.0,110.0,179.0
4349,11.0,51.0,127.0
4350,71.0,135.0,190.0
4351,64.0,134.0,192.0
4352,34.0,95.0,136.0
4355,4.0,16.0,64.0
4356,26.0,81.0,147.0
4357,50.0,122.0,189.0
4358,9.0,52.0,143.0
4359,23.0,81.0,153.0
4360,31.0,95.0,168.0
4361,60.0,117.0,177.0
4362,31.0,99.0,166.0
4363,32.0,110.0,187.0
4364,40.0,87.0,164.0
4365,36.0,95.0,161.0
4366,47.0,131.0,191.0
4367,6.0,50.0,129.0
4368,15.0,44.0,127.0
4369,37.0,109.0,192.0
4370,38.0,82.0,147.0
4371,35.0,93.0,159.0
4372,40.0,86.0,142.0
4373,40.0,112.0,185.0
4374,19.0,50.0,146.0
4375,41.0,105.0,180.0
4376,43.0,108.0,203.0
4377,40.0,116.0,193.0
4379,31.0,112.0,189.0
4380,21.0,66.0,158.0
4381,30.0,87.0,156.0
4382,12.0,61.0,143.0
4383,27.0,89.0,172.0
4384,27.0,96.0,171.0
4385,3.0,22.0,83.0
4387,53.0,134.0,194.0
4388,43.0,110.0,196.0
4389,24.0,93.0,158.0
4390,14.0,66.0,168.0
4391,56.0,116.0,192.0
4393,16.0,46.0,129.0
4394,31.0,106.0,177.0
4395,19.0,72.0,151.0
4396,17.0,73.0,172.0
4397,62.0,138.0,203.0
4398,53.0,119.0,200.0
4400,5.0,43.0,134.0
4401,36.0,89.0,149.0
4402,46.0,100.0,172.0
4403,47.0,122.0,187.0
4404,8.0,41.0,121.0
4405,10.0,58.0,149.0
4406,26.0,67.0,170.0
4407,16.0,72.0,162.0
4408,12.0,38.0,133.0
4409,44.0,106.0,164.0
4410,22.0,79.0,167.0
4411,38.0,106.0,190.0
4413,34.0,123.0,202.0
4414,11.0,45.0,120.0
4415,53.0,107.0,184.0
4416,27.0,73.0,153.0
4417,17.0,63.0,126.0
4418,52.0,121.0,170.0
4419,24.0,87.0,145.0
4420,31.0,117.0,200.0
4421,9.0,34.0,111.0
4422,17.0,55.0,141.0
4423,25.0,89.0,159.0
4424,44.0,106.0,197.0
4425,11.0,53.0,115.0
4427,59.0,121.0,189.0
4428,35.0,102.0,169.0
4429,7.0,35.0,140.0
4430,37.0,112.0,186.0
4431,24.0,57.0,124.0
4432,19.0,85.0,152.0
4433,64.0,147.0,204.0
4434,40.0,94.0,162.0
4435,30.0,79.0,154.0
4436,42.0,112.0,171.0
4437,44.0,110.0,184.0
4438,41.0,85.0,186.0
4439,13.0,53.0,129.0
4440,16.0,62.0,144.0
4441,46.0,112.0,199.0
4442,44.0,87.0,155.0
4443,26.0,103.0,188.0
4444,36.0,99.0,154.0
4445,38.0,91.0,163.0
4446,47.0,119.0,182.0
4447,31.0,98.0,172.0
4448,55.0,133.0,189.0
4449,14.0,43.0,124.0
4450,36.0,106.0,160.0
4451,40.0,112.0,173.0
4452,29.0,94.0,191.0
4456,36.0,75.0,137.0
4457,16.0,54.0,123.0
4458,17.0,83.0,154.0
4459,34.0,77.0,148.0
4460,28.0,101.0,166.0
4461,12.0,64.0,153.0
4462,19.0,62.0,122.0
4463,29.0,103.0,158.0
4464,30.0,99.0,161.0
4465,15.0,50.0,118.0
4466,27.0,91.0,161.0
4467,41.0,121.0,188.0
4468,48.0,107.0,169.0
4469,37.0,93.0,161.0
4470,36.0,101.0,160.0
4471,60.0,131.0,203.0
4472,44.0,113.0,186.0
4473,21.0,75.0,135.0
4474,23.0,79.0,152.0
4475,36.0,120.0,199.0
4477,43.0,114.0,176.0
4478,36.0,94.0,151.0
4479,10.0,36.0,111.0
4482,46.0,103.0,162.0
4483,51.0,122.0,188.0
4484,17.0,66.0,132.0
4485,19.0,85.0,158.0
4486,30.0,98.0,175.0
4487,18.0,61.0,143.0
4488,48.0,115.0,165.0
4489,22.0,83.0,169.0
4491,8.0,57.0,148.0
4492,3.0,4.0,9.0
4494,36.0,87.0,153.0
4495,20.0,54.0,102.0
4496,56.0,119.0,189.0
4497,66.0,114.0,166.0
4498,17.0,59.0,112.0
4499,13.0,62.0,118.0
4500,55.0,113.0,165.0
4501,28.0,77.0,170.0
4502,55.0,131.0,181.0
4503,61.0,132.0,187.0
4504,41.0,104.0,165.0
4505,44.0,102.0,158.0
4506,41.0,101.0,157.0
4508,12.0,65.0,116.0
4509,33.0,89.0,145.0
4510,3.0,17.0,80.0
4511,13.0,66.0,135.0
4512,63.0,134.0,212.0
4513,37.0,100.0,165.0
4514,53.0,126.0,195.0
4515,39.0,126.0,199.0
4516,43.0,99.0,153.0
4518,40.0,90.0,136.0
4519,12.0,24.0,50.0
4520,37.0,88.0,170.0
4521,24.0,79.0,158.0
4522,43.0,110.0,181.0
4523,25.0,92.0,153.0
4524,34.0,83.0,149.0
4525,15.0,49.0,120.0
4526,28.0,72.0,130.0
4527,18.0,58.0,137.0
4528,35.0,92.0,144.0
4529,32.0,88.0,152.0
4530,48.0,113.0,168.0
4531,38.0,119.0,187.0
4532,46.0,114.0,156.0
4533,10.0,40.0,98.0
4534,10.0,44.0,108.0
4535,40.0,107.0,145.0
4536,35.0,110.0,183.0
4537,60.0,130.0,202.0
4538,30.0,69.0,126.0
4539,51.0,115.0,191.0
4540,27.0,87.0,169.0
4543,46.0,122.0,188.0
4544,69.0,133.0,182.0
4545,60.0,131.0,186.0
4546,31.0,99.0,146.0
4547,37.0,116.0,193.0
4548,2.0,16.0,79.0
4549,27.0,92.0,143.0
4550,19.0,79.0,162.0
4551,28.0,103.0,168.0
4552,21.0,63.0,129.0
4553,26.0,96.0,166.0
4555,23.0,97.0,181.0
4556,53.0,115.0,168.0
4557,12.0,53.0,136.0
4558,10.0,55.0,128.0
4560,28.0,81.0,141.0
4561,35.0,77.0,157.0
4562,11.0,70.0,168.0
4563,14.0,44.0,127.0
4564,14.0,73.0,171.0
4565,18.0,56.0,154.0
4566,33.0,87.0,152.0
4567,10.0,50.0,134.0
4568,29.0,78.0,145.0
4569,21.0,65.0,144.0
4570,30.0,96.0,151.0
4571,50.0,87.0,150.0
4572,33.0,93.0,175.0
4573,41.0,93.0,159.0
4574,25.0,91.0,168.0
4575,31.0,78.0,144.0
4578,33.0,96.0,175.0
4579,37.0,100.0,169.0
4580,23.0,82.0,144.0
4581,46.0,122.0,196.0
4583,27.0,90.0,177.0
4584,44.0,104.0,159.0
4586,40.0,120.0,176.0
4587,48.0,101.0,166.0
4588,31.0,102.0,188.0
4589,29.0,79.0,147.0
4590,38.0,104.0,183.0
4592,14.0,63.0,145.0
4593,32.0,112.0,181.0
4594,29.0,99.0,166.0
4596,38.0,113.0,183.0
4598,35.0,87.0,165.0
4600,39.0,99.0,150.0
4601,55.0,129.0,193.0
4603,29.0,82.0,137.0
4604,63.0,137.0,210.0
4607,31.0,109.0,198.0
4608,44.0,126.0,202.0
4610,49.0,106.0,182.0
4611,44.0,110.0,180.0
4614,50.0,107.0,156.0
4615,13.0,52.0,130.0
4618,16.0,72.0,132.0
4619,29.0,85.0,175.0
4623,24.0,79.0,176.0
4624,41.0,97.0,167.0
4625,25.0,62.0,138.0
4626,17.0,54.0,123.0
4627,42.0,85.0,125.0
4630,16.0,68.0,132.0
4631,17.0,60.0,135.0
4632,8.0,68.0,125.0
4633,30.0,100.0,184.0
4635,29.0,70.0,137.0
4636,11.0,45.0,120.0
4637,27.0,61.0,122.0
4638,23.0,86.0,164.0
4639,16.0,54.0,156.0
4640,41.0,125.0,206.0
4641,12.0,42.0,97.0
4642,63.0,130.0,185.0
4643,44.0,107.0,164.0
4644,43.0,137.0,203.0
4645,43.0,116.0,186.0
4648,19.0,65.0,125.0
4649,42.0,104.0,189.0
4650,5.0,11.0,32.0
4651,11.0,43.0,133.0
4652,20.0,59.0,136.0
4653,32.0,64.0,102.0
4654,33.0,101.0,158.0
4656,22.0,74.0,147.0
4659,61.0,145.0,203.0
4660,8.0,35.0,111.0
4661,28.0,113.0,189.0
4663,19.0,45.0,81.0
4664,14.0,49.0,149.0
4665,8.0,50.0,140.0
4666,12.0,49.0,124.0
4669,12.0,68.0,144.0
4672,14.0,66.0,156.0
4674,29.0,88.0,173.0
4675,29.0,80.0,127.0
4676,21.0,74.0,148.0
4677,33.0,105.0,153.0
4678,18.0,61.0,129.0
4679,41.0,111.0,194.0
4680,23.0,96.0,165.0
4681,5.0,25.0,71.0
4682,52.0,119.0,184.0
4683,12.0,27.0,85.0
4684,28.0,89.0,173.0
4685,64.0,129.0,170.0
4686,54.0,114.0,175.0
4688,58.0,125.0,194.0
4689,19.0,72.0,144.0
4690,11.0,31.0,54.0
4691,12.0,35.0,77.0
4692,19.0,62.0,138.0
4693,15.0,61.0,161.0
4694,14.0,53.0,125.0
4695,31.0,84.0,162.0
4697,10.0,66.0,153.0
4700,37.0,113.0,184.0
4702,38.0,90.0,143.0
4703,41.0,113.0,176.0
4704,51.0,131.0,216.0
4705,14.0,40.0,142.0
4706,33.0,93.0,169.0
4708,10.0,43.0,124.0
4709,25.0,82.0,147.0
4710,41.0,113.0,193.0
4711,29.0,103.0,162.0
4713,52.0,130.0,199.0
4714,8.0,66.0,135.0
4715,32.0,86.0,131.0
4718,26.0,85.0,138.0
4719,53.0,115.0,190.0
4720,9.0,47.0,130.0
4723,17.0,58.0,119.0
4724,7.0,38.0,110.0
4725,23.0,67.0,147.0
4726,5.0,17.0,38.0
4727,10.0,50.0,128.0
4728,11.0,53.0,129.0
4729,14.0,49.0,123.0
4730,22.0,72.0,144.0
4731,18.0,59.0,125.0
4732,46.0,118.0,184.0
4733,23.0,66.0,125.0
4734,52.0,118.0,176.0
4735,17.0,60.0,135.0
4736,48.0,131.0,181.0
4737,60.0,134.0,175.0
4738,51.0,122.0,209.0
4739,47.0,127.0,188.0
4740,14.0,56.0,137.0
4743,51.0,133.0,216.0
4744,12.0,52.0,127.0
4746,21.0,62.0,122.0
4747,7.0,28.0,101.0
4748,31.0,87.0,139.0
4750,19.0,69.0,143.0
4752,11.0,45.0,138.0
4753,9.0,23.0,56.0
4754,44.0,125.0,196.0
4757,52.0,114.0,185.0
4759,45.0,129.0,182.0
4760,65.0,141.0,213.0
4761,44.0,105.0,192.0
4762,65.0,135.0,193.0
4764,19.0,60.0,116.0
4765,21.0,52.0,129.0
4766,15.0,55.0,127.0
4769,50.0,116.0,179.0
4771,64.0,145.0,198.0
4772,45.0,114.0,178.0
4773,43.0,121.0,195.0
4775,28.0,79.0,128.0
4776,60.0,148.0,204.0
4778,19.0,56.0,111.0
4779,16.0,75.0,146.0
4781,4.0,20.0,54.0
4782,14.0,45.0,112.0
4784,5.0,28.0,81.0
4785,11.0,57.0,130.0
4786,59.0,145.0,206.0
4787,67.0,132.0,183.0
4788,30.0,98.0,176.0
4789,33.0,102.0,169.0
4790,45.0,115.0,171.0
4791,26.0,94.0,160.0
4792,16.0,49.0,98.0
4793,50.0,112.0,176.0
4794,46.0,96.0,139.0
4796,51.0,115.0,190.0
4797,33.0,85.0,130.0
4798,57.0,128.0,199.0
4803,8.0,35.0,117.0
4804,54.0,111.0,186.0
4808,38.0,98.0,168.0
4809,25.0,84.0,144.0
4811,20.0,75.0,167.0
4812,54.0,119.0,153.0
4813,12.0,41.0,127.0
4815,12.0,40.0,106.0
4816,34.0,90.0,161.0
4817,41.0,92.0,142.0
4818,3.0,10.0,45.0
4819,21.0,79.0,145.0
4821,19.0,76.0,151.0
4822,39.0,106.0,179.0
4823,52.0,114.0,171.0
4824,45.0,107.0,188.0
4825,59.0,128.0,188.0
4826,56.0,126.0,190.0
4828,41.0,108.0,167.0
4831,40.0,98.0,150.0
4832,55.0,130.0,196.0
4834,40.0,114.0,212.0
4835,17.0,83.0,169.0
4836,25.0,72.0,134.0
4837,13.0,64.0,133.0
4839,40.0,109.0,172.0
4840,15.0,75.0,166.0
4842,35.0,92.0,157.0
4843,15.0,38.0,104.0
4844,17.0,68.0,162.0
4845,35.0,81.0,134.0
4846,15.0,60.0,151.0
4847,44.0,106.0,156.0
4848,41.0,105.0,163.0
4850,55.0,116.0,198.0
4851,48.0,105.0,163.0
4852,75.0,154.0,211.0
4853,13.0,52.0,147.0
4854,1.0,32.0,84.0
4856,62.0,148.0,215.0
4857,64.0,142.0,197.0
4861,25.0,92.0,165.0
4863,10.0,42.0,111.0
4864,13.0,41.0,115.0
4865,6.0,23.0,58.0
4866,13.0,52.0,119.0
4871,14.0,51.0,133.0
4872,11.0,58.0,152.0
4873,29.0,85.0,195.0
4874,21.0,68.0,140.0
4875,20.0,76.0,154.0
4876,23.0,74.0,163.0
4877,45.0,99.0,166.0
4878,14.0,60.0,148.0
4879,17.0,70.0,137.0
4880,17.0,83.0,149.0
4882,6.0,16.0,64.0
4883,40.0,91.0,159.0
4885,46.0,104.0,144.0
4886,26.0,94.0,151.0
4887,21.0,68.0,133.0
4888,25.0,72.0,140.0
4889,17.0,45.0,92.0
4890,33.0,91.0,151.0
4891,21.0,66.0,135.0
4892,23.0,76.0,143.0
4893,29.0,74.0,147.0
4894,22.0,83.0,172.0
4895,16.0,65.0,134.0
4896,13.0,52.0,128.0
4897,12.0,50.0,142.0
4898,14.0,60.0,130.0
4899,17.0,53.0,133.0
4900,19.0,64.0,141.0
4901,27.0,74.0,141.0
4902,23.0,74.0,155.0
4903,50.0,98.0,154.0
4904,27.0,94.0,202.0
4905,15.0,62.0,144.0
4906,23.0,77.0,137.0
4907,48.0,122.0,188.0
4908,44.0,114.0,174.0
4909,22.0,66.0,144.0
4910,46.0,111.0,174.0
4911,11.0,71.0,132.0
4914,42.0,103.0,164.0
4917,15.0,59.0,148.0
4918,16.0,69.0,141.0
4919,6.0,37.0,96.0
4924,14.0,67.0,161.0
4925,22.0,93.0,162.0
4926,57.0,109.0,140.0
4927,40.0,112.0,188.0
4928,47.0,106.0,170.0
4930,36.0,110.0,178.0
4931,56.0,147.0,206.0
4932,64.0,123.0,174.0
4933,40.0,93.0,159.0
4934,30.0,92.0,164.0
4936,29.0,82.0,133.0
4938,60.0,130.0,206.0
4939,57.0,111.0,173.0
4940,5.0,26.0,57.0
4941,25.0,73.0,150.0
4942,30.0,97.0,159.0
4943,16.0,48.0,132.0
4944,17.0,50.0,133.0
4945,9.0,50.0,140.0
4947,11.0,59.0,131.0
4948,30.0,88.0,165.0
4949,33.0,92.0,164.0
4950,53.0,120.0,194.0
4951,22.0,74.0,141.0
4952,10.0,44.0,124.0
4953,61.0,129.0,198.0
4954,6.0,45.0,110.0
4956,5.0,19.0,57.0
4957,27.0,92.0,170.0
4958,45.0,135.0,202.0
4959,57.0,127.0,188.0
4960,76.0,140.0,196.0
4961,40.0,98.0,171.0
4962,36.0,94.0,177.0
4963,36.0,89.0,156.0
4964,33.0,95.0,168.0
4965,11.0,59.0,143.0
4966,30.0,81.0,162.0
4967,47.0,124.0,191.0
4969,14.0,69.0,145.0
4973,22.0,75.0,147.0
4974,34.0,92.0,177.0
4976,16.0,76.0,149.0
4977,28.0,90.0,143.0
4978,22.0,84.0,163.0
4979,23.0,80.0,172.0
4980,53.0,112.0,183.0
4981,20.0,67.0,138.0
4982,16.0,66.0,120.0
4983,54.0,132.0,197.0
4984,18.0,71.0,151.0
4985,57.0,121.0,196.0
4987,13.0,33.0,127.0
4988,23.0,61.0,141.0
4989,38.0,92.0,161.0
4990,4.0,17.0,66.0
4991,37.0,100.0,158.0
4992,30.0,73.0,147.0
4994,43.0,121.0,194.0
4995,11.0,55.0,131.0
4997,3.0,18.0,72.0
4998,13.0,44.0,102.0
5000,18.0,63.0,138.0
5002,34.0,100.0,167.0
5003,28.0,79.0,166.0
5004,33.0,99.0,186.0
5005,39.0,103.0,161.0
5006,6.0,36.0,150.0
5007,17.0,58.0,127.0
5008,16.0,52.0,128.0
5009,23.0,68.0,145.0
5010,32.0,104.0,183.0
5011,12.0,48.0,142.0
5012,14.0,70.0,144.0
5013,33.0,79.0,154.0
5014,10.0,49.0,119.0
5015,57.0,129.0,182.0
5016,55.0,120.0,174.0
5017,60.0,115.0,198.0
5018,62.0,160.0,231.0
5019,8.0,39.0,83.0
5020,21.0,66.0,140.0
5022,10.0,48.0,126.0
5023,31.0,91.0,147.0
5026,41.0,108.0,171.0
5027,9.0,46.0,108.0
5028,53.0,122.0,187.0
5029,57.0,130.0,190.0
5031,19.0,72.0,148.0
5032,30.0,88.0,182.0
5033,11.0,54.0,128.0
5034,72.0,143.0,218.0
5035,32.0,102.0,176.0
5036,27.0,97.0,172.0
5037,27.0,79.0,137.0
5038,46.0,99.0,163.0
5039,17.0,53.0,143.0
5041,17.0,42.0,113.0
5042,36.0,93.0,150.0
5043,54.0,129.0,193.0
5044,14.0,45.0,120.0
5045,42.0,120.0,174.0
5046,10.0,41.0,125.0
5047,28.0,91.0,147.0
5048,14.0,55.0,126.0
5049,30.0,66.0,106.0
5050,37.0,91.0,149.0
5051,42.0,120.0,170.0
5052,11.0,39.0,98.0
5053,7.0,36.0,116.0
5054,32.0,96.0,141.0
5055,39.0,93.0,159.0
5056,5.0,15.0,33.0
5057,36.0,82.0,156.0
5058,56.0,115.0,185.0
5060,37.0,91.0,162.0
5061,3.0,24.0,97.0
5063,20.0,59.0,128.0
5064,48.0,123.0,191.0
5065,20.0,67.0,128.0
5066,59.0,132.0,193.0
5067,24.0,72.0,138.0
5068,69.0,124.0,171.0
5069,17.0,66.0,138.0
5070,7.0,45.0,117.0
5071,10.0,54.0,124.0
5072,0.0,4.0,31.0
5073,28.0,84.0,179.0
5074,14.0,49.0,137.0
5075,37.0,112.0,184.0
5076,28.0,88.0,173.0
5077,6.0,31.0,92.0
5078,15.0,64.0,144.0
5079,19.0,68.0,146.0
5081,29.0,82.0,131.0
5082,24.0,93.0,179.0
5083,14.0,42.0,105.0
5084,33.0,83.0,125.0
5085,25.0,77.0,158.0
5086,15.0,42.0,120.0
5087,49.0,120.0,179.0
5088,65.0,137.0,213.0
5089,47.0,123.0,164.0
5090,22.0,62.0,110.0
5091,29.0,72.0,116.0
5092,40.0,89.0,149.0
5093,14.0,49.0,116.0
5095,33.0,98.0,154.0
5096,31.0,93.0,162.0
5098,22.0,82.0,146.0
5100,14.0,45.0,111.0
5101,4.0,30.0,99.0
5102,23.0,72.0,132.0
5103,7.0,32.0,90.0
5104,30.0,62.0,115.0
5105,15.0,60.0,161.0
5106,23.0,84.0,149.0
5107,12.0,52.0,112.0
5108,3.0,14.0,80.0
5109,19.0,84.0,171.0
5110,20.0,68.0,133.0
5111,33.0,87.0,137.0
5112,54.0,128.0,187.0
5113,4.0,14.0,42.0
5114,34.0,103.0,182.0
5115,31.0,82.0,145.0
5117,14.0,49.0,106.0
5118,11.0,48.0,78.0
5120,17.0,47.0,106.0
5121,49.0,106.0,157.0
5122,10.0,39.0,97.0
5123,19.0,61.0,152.0
5124,10.0,54.0,122.0
5125,31.0,84.0,153.0
5126,56.0,106.0,160.0
5127,12.0,64.0,141.0
5128,10.0,55.0,116.0
5129,35.0,106.0,180.0
5130,14.0,80.0,166.0
5131,11.0,47.0,132.0
5132,63.0,145.0,204.0
5133,20.0,62.0,114.0
5134,35.0,102.0,163.0
5135,21.0,66.0,126.0
5136,51.0,125.0,197.0
5137,30.0,91.0,160.0
5138,5.0,34.0,102.0
5139,43.0,105.0,162.0
5140,9.0,48.0,107.0
5141,42.0,107.0,161.0
5142,45.0,118.0,166.0
5143,7.0,63.0,159.0
5144,18.0,78.0,151.0
5145,51.0,122.0,207.0
5146,24.0,80.0,141.0
5147,11.0,39.0,90.0
5148,17.0,64.0,122.0
5150,39.0,93.0,150.0
5151,13.0,58.0,147.0
5152,2.0,27.0,116.0
5153,5.0,47.0,148.0
5154,22.0,72.0,170.0
5155,36.0,112.0,175.0
5156,13.0,54.0,124.0
5157,21.0,64.0,148.0
5158,56.0,117.0,184.0
5160,47.0,122.0,212.0
5161,31.0,84.0,145.0
5162,1.0,9.0,22.0
5163,41.0,102.0,147.0
5164,3.0,16.0,66.0
5165,17.0,64.0,151.0
5166,38.0,99.0,160.0
5167,18.0,76.0,137.0
5169,4.0,28.0,84.0
5170,27.0,84.0,154.0
5172,20.0,65.0,140.0
5173,33.0,67.0,144.0
5174,15.0,54.0,104.0
5175,14.0,54.0,117.0
5176,6.0,18.0,64.0
5177,13.0,69.0,184.0
5178,15.0,67.0,176.0
5179,14.0,40.0,100.0
5180,8.0,32.0,92.0
5181,16.0,64.0,132.0
5182,12.0,55.0,134.0
5183,14.0,63.0,130.0
5184,6.0,19.0,56.0
5185,26.0,70.0,135.0
5186,13.0,47.0,121.0
5187,3.0,20.0,68.0
5188,42.0,95.0,165.0
5189,33.0,100.0,201.0
5190,14.0,57.0,129.0
5191,68.0,139.0,202.0
5192,19.0,52.0,107.0
5193,50.0,110.0,177.0
5194,17.0,56.0,140.0
5195,28.0,71.0,137.0
5196,43.0,98.0,171.0
5197,23.0,56.0,93.0
5198,22.0,62.0,124.0
5199,26.0,66.0,144.0
5200,1.0,5.0,68.0
5201,17.0,47.0,89.0
5203,21.0,72.0,144.0
5204,11.0,49.0,125.0
5205,31.0,103.0,171.0
5206,9.0,52.0,138.0
5207,22.0,56.0,120.0
5208,13.0,60.0,137.0
5209,7.0,38.0,120.0
5210,31.0,89.0,169.0
5211,5.0,49.0,132.0
5212,42.0,118.0,185.0
5213,24.0,78.0,160.0
5214,20.0,67.0,160.0
5216,54.0,145.0,224.0
5217,31.0,94.0,159.0
5218,41.0,104.0,163.0
5219,30.0,71.0,145.0
5220,59.0,121.0,183.0
5221,54.0,133.0,202.0
5222,44.0,121.0,185.0
5223,23.0,76.0,178.0
5224,52.0,132.0,191.0
5226,26.0,64.0,109.0
5227,6.0,16.0,39.0
5228,34.0,89.0,153.0
5229,31.0,82.0,167.0
5230,25.0,78.0,174.0
5231,25.0,66.0,110.0
5232,22.0,72.0,149.0
5234,55.0,150.0,219.0
5235,5.0,26.0,86.0
5236,14.0,69.0,165.0
5237,11.0,45.0,93.0
5238,38.0,89.0,160.0
5239,21.0,78.0,138.0
5240,18.0,59.0,137.0
5241,16.0,68.0,140.0
5242,6.0,35.0,123.0
5243,36.0,94.0,162.0
5244,13.0,39.0,123.0
5245,22.0,73.0,135.0
5246,27.0,85.0,160.0
5247,12.0,81.0,162.0
5248,14.0,64.0,136.0
5249,21.0,80.0,138.0
5250,11.0,60.0,151.0
5251,1.0,8.0,60.0
5252,42.0,121.0,202.0
5253,7.0,32.0,93.0
5254,8.0,44.0,119.0
5255,41.0,119.0,174.0
5256,46.0,93.0,159.0
5257,56.0,142.0,232.0
5258,18.0,52.0,132.0
5259,7.0,28.0,96.0
5261,13.0,50.0,130.0
5262,6.0,41.0,113.0
5263,12.0,58.0,146.0
5264,20.0,74.0,157.0
5265,12.0,50.0,163.0
5266,14.0,63.0,145.0
5267,64.0,119.0,188.0
5268,9.0,41.0,123.0
5269,50.0,94.0,163.0
5270,13.0,62.0,135.0
5271,10.0,47.0,133.0
5272,19.0,58.0,137.0
5273,16.0,48.0,153.0
5274,22.0,57.0,103.0
5275,59.0,125.0,186.0
5276,16.0,70.0,150.0
5277,20.0,77.0,150.0
5278,76.0,138.0,193.0
5279,30.0,93.0,153.0
5280,61.0,155.0,205.0
5281,42.0,83.0,153.0
5282,25.0,85.0,172.0
5283,4.0,14.0,83.0
5284,8.0,39.0,126.0
5285,9.0,39.0,138.0
5286,17.0,72.0,166.0
5287,5.0,26.0,106.0
5288,10.0,39.0,122.0
5289,28.0,107.0,168.0
5290,6.0,37.0,130.0
5291,9.0,65.0,176.0
5292,15.0,63.0,147.0
5293,8.0,35.0,97.0
5294,15.0,43.0,130.0
5295,15.0,38.0,101.0
5296,12.0,34.0,112.0
5297,11.0,45.0,149.0
5298,58.0,125.0,184.0
5299,42.0,107.0,175.0
5300,3.0,14.0,125.0
5301,30.0,77.0,164.0
5302,9.0,37.0,120.0
5303,25.0,94.0,160.0
5304,3.0,16.0,76.0
5305,3.0,20.0,105.0
5306,4.0,21.0,102.0
5307,21.0,70.0,156.0
5308,14.0,66.0,163.0
5309,7.0,28.0,116.0
5310,13.0,55.0,114.0
5311,32.0,85.0,154.0
5312,11.0,39.0,142.0
5313,14.0,56.0,133.0
5314,10.0,38.0,132.0
5315,8.0,28.0,118.0
5316,20.0,74.0,138.0
5317,14.0,77.0,163.0
5318,9.0,45.0,135.0
5319,11.0,34.0,76.0
5320,8.0,32.0,133.0
5321,17.0,56.0,115.0
5322,13.0,37.0,141.0
5323,14.0,55.0,130.0
5324,5.0,18.0,110.0
5325,24.0,93.0,160.0
5326,27.0,83.0,185.0
5327,2.0,8.0,102.0
5328,12.0,55.0,134.0
5329,17.0,58.0,121.0
5330,57.0,136.0,198.0
5331,25.0,59.0,133.0
5332,17.0,54.0,138.0
5333,7.0,29.0,87.0
5334,6.0,32.0,131.0
5335,6.0,29.0,122.0
5336,8.0,37.0,134.0
5337,5.0,59.0,147.0
5338,16.0,60.0,145.0
5339,21.0,67.0,118.0
5340,13.0,67.0,161.0
5341,6.0,27.0,104.0
5342,3.0,14.0,104.0
5343,6.0,52.0,138.0
5344,25.0,69.0,143.0
5345,7.0,36.0,161.0
5346,3.0,22.0,126.0
5347,0.0,10.0,113.0
5348,15.0,61.0,131.0
5349,1.0,4.0,111.0
5350,15.0,74.0,153.0
5351,19.0,79.0,159.0
5352,24.0,75.0,163.0
5353,7.0,25.0,114.0
5354,9.0,59.0,139.0
5355,4.0,24.0,126.0
5356,17.0,51.0,114.0
5357,8.0,20.0,121.0
5358,1.0,16.0,86.0
5359,18.0,53.0,120.0
5360,4.0,32.0,113.0
5361,4.0,25.0,122.0
5362,6.0,23.0,113.0
5363,0.0,7.0,51.0
5364,3.0,22.0,143.0
5365,5.0,24.0,126.0
5366,1.0,14.0,104.0
5367,4.0,11.0,85.0
5368,27.0,70.0,118.0
5369,10.0,42.0,140.0
5370,1.0,7.0,82.0
5371,2.0,10.0,106.0
5372,2.0,20.0,102.0
5373,2.0,24.0,106.0
5374,1.0,29.0,121.0
5375,3.0,26.0,136.0
5376,24.0,85.0,163.0
5377,11.0,49.0,120.0
5378,1.0,14.0,114.0
5379,5.0,28.0,118.0
5380,1.0,3.0,139.0
5381,8.0,36.0,127.0
5382,3.0,19.0,130.0
5383,4.0,19.0,132.0
5384,5.0,12.0,123.0
5385,3.0,25.0,120.0
5386,9.0,34.0,138.0
5387,1.0,10.0,76.0
5388,11.0,48.0,119.0
5389,4.0,28.0,125.0
5390,3.0,17.0,97.0
5391,2.0,18.0,105.0
5392,4.0,14.0,126.0
5393,2.0,14.0,119.0
5394,6.0,39.0,147.0
5395,7.0,24.0,114.0
5396,2.0,11.0,110.0
5397,0.0,10.0,98.0
5398,12.0,47.0,150.0
5399,1.0,6.0,93.0
5400,2.0,15.0,124.0
5401,2.0,10.0,48.0
5402,1.0,9.0,75.0
5403,5.0,25.0,107.0
5404,5.0,21.0,123.0
5405,4.0,28.0,121.0
5406,5.0,20.0,128.0
5407,2.0,19.0,125.0
5408,0.0,1.0,18.0
5409,6.0,26.0,106.0
5410,1.0,15.0,84.0
5411,2.0,15.0,108.0
5412,3.0,10.0,115.0
5413,4.0,18.0,118.0
5415,0.0,6.0,71.0
5416,6.0,23.0,115.0
5417,10.0,38.0,107.0
5418,4.0,17.0,112.0
5419,2.0,22.0,109.0
5420,5.0,18.0,101.0
5421,2.0,14.0,88.0
5422,2.0,13.0,77.0
5423,0.0,15.0,91.0
5424,2.0,8.0,86.0
5425,4.0,12.0,97.0
5426,1.0,19.0,107.0
5427,3.0,37.0,132.0
5428,3.0,12.0,92.0
5429,4.0,18.0,87.0
5430,3.0,22.0,89.0
5431,4.0,20.0,85.0
5432,8.0,33.0,128.0
5433,0.0,12.0,97.0
5434,3.0,32.0,123.0
5435,3.0,10.0,84.0
5436,3.0,15.0,119.0
5437,1.0,14.0,71.0
5438,4.0,16.0,106.0
5439,4.0,25.0,115.0
5440,2.0,18.0,95.0
5441,9.0,38.0,114.0
5442,2.0,21.0,96.0
5443,3.0,17.0,90.0
5444,5.0,21.0,103.0
5445,1.0,5.0,47.0
5446,0.0,5.0,43.0
5447,2.0,10.0,53.0
5448,2.0,6.0,56.0
5449,2.0,7.0,45.0
5450,0.0,11.0,53.0
5451,0.0,6.0,35.0
5452,1.0,10.0,50.0
5453,1.0,15.0,58.0
5454,4.0,13.0,58.0
5455,3.0,17.0,63.0
5456,1.0,12.0,62.0
5457,0.0,7.0,60.0
5458,4.0,9.0,58.0
5459,1.0,8.0,44.0
5460,2.0,11.0,76.0
5461,1.0,9.0,48.0
5462,2.0,11.0,49.0
5463,1.0,4.0,53.0
5464,3.0,7.0,47.0
5465,1.0,4.0,40.0
5466,3.0,11.0,47.0
5467,2.0,14.0,56.0
5468,1.0,13.0,57.0
5469,2.0,9.0,57.0
5470,1.0,3.0,45.0
5471,3.0,9.0,67.0
5472,1.0,8.0,48.0
